﻿1,10,311-4.7KJRCT-ND,RC0402JR-074K7L,RES 4.7K OHM 5% 1/16W 0402,cwn15,10,0,0.006,0.06
2,2,952-2262-ND,M20-9990246,CONN HEADER VERT 2POS 2.54MM,cwn15,2,0,0.1,0.2
3,2,609-3234-ND,67997-206HLF,CONN HEADER VERT 6POS 2.54MM,cwn15,2,0,0.49,0.98
4,2,S7071-ND,PPTC032LFBN-RC,CONN HDR 6POS 0.1 TIN PCB,cwn15,2,0,0.53,1.06
5,2,2073-USB4125-GF-ACT-ND,USB4125-GF-A,CONN RCPT TYPE C 6P SMD RA,cwn15,2,0,0.59,1.18
6,10,311-1.0KJRCT-ND,RC0402JR-071KL,RES 1K OHM 5% 1/16W 0402,cwn15,10,0,0.007,0.07
7,2,S9015E-04-ND,GRPB042VWVN-RC,CONN HEADER VERT 8POS 1.27MM,cwn15,2,0,0.55,1.1
8,2,S9009E-04-ND,LPPB042CFFN-RC,CONN HDR 8POS 0.05 GOLD PCB,cwn15,2,0,0.95,1.9
9,10,1276-1002-1-ND,CL05B104KP5NNNC,CAP CER 0.1UF 10V X7R 0402,cwn15,10,0,0.005,0.05
10,2,CKN9565-ND,OS102011MS2QN1,SWITCH SLIDE SPDT 100MA 12V,cwn15,2,0,0.68,1.36
11,2,401-1988-ND,D6C90 F2 LFS,SWITCH PUSH SPST-NO 0.1A 32V,cwn15,2,0,1.29,2.58
12,10,311-330JRCT-ND,RC0402JR-07330RL,RES 330 OHM 5% 1/16W 0402,cwn15,10,0,0.007,0.07
